id,service_id,taxonomy_term_id
f8e4f2e6-305f-4a16-89e7-32c0fcd0b128,service_4012,9632b945-241b-4de3-a3d8-2008667ccfd6
87e79556-07b7-4dd6-8326-e18c9618a9b9,service_4012,16d0f146-2db8-4a2b-b375-7f4fc224b92f
d87f8839-ee66-42fe-a424-2b51c4b76f42,service_4012,76894e9a-ca26-4c40-a6dc-6a64f873fed4
c9945cea-3682-4762-8ef1-e7797c75b351,service_4012,271e0d4b-f43d-4a2d-add2-3435b76585f6
96a99f3a-53cf-4abc-ac36-ae1d85edf8e2,service_4012,6837aaaa-88c3-4368-9649-2c6ba7964c82
14c591a9-5afa-4276-8111-5185b2900b40,service_4012,4c852725-4a3f-4fe8-889e-7032503ca634
e2d140a7-bdf1-4680-83ed-4ea9b669877e,service_4012,b938fc89-8d9e-4173-85d4-c45eed23b355
b0158d36-287d-4bc7-a6e3-0d22a059fe72,service_4012,7ed149f4-8306-4d36-89c5-288a0f0e799a
6e34d3a6-c041-488a-a723-c02b6fff22ba,service_4012,0260cf87-1432-4307-ac5e-7e8c349977d3
9f5ca5c1-55f1-4835-92fd-3ad978d89fcc,service_4012,eb0060d7-6469-4c26-8e2e-61d1fba97d5d
953101cf-e9a9-4ee2-8853-d403637eac27,service_4012,c3493af4-f759-45ae-8888-e61163c4cc47
819e4d3c-5188-468b-a4cc-7467c64680a1,service_4012,be690773-9720-40f3-a83c-26b5390d0289
16b4944e-b313-4e11-9a82-154ea8982ef0,service_208,788fae23-127f-4706-bb30-36300d775d02
b0944bce-9bf1-4bd3-bca3-fbc379d84fb3,service_208,cbf0c215-d086-4883-b4e2-1884fe0ee54d
3c2c0849-c09a-40d0-bdcb-8b06b7072e42,service_208,99424e33-cbe9-4024-b17c-535dc9739198
5df67724-030b-48e6-a806-dc7092bc0c51,service_208,733e005f-ee4b-4376-a53c-453085f9c355
52cee70c-7e21-4e0a-a2f2-1b41d546f7e3,service_208,9db30a8f-250d-4927-baf0-c2f05458954f
66fab395-7d74-43c9-8936-2bce51c2c832,service_208,7ad94bb1-2c5c-4b6f-9640-40f271435b94
5035c184-3cd3-4ce5-bb88-6d690de428dc,service_208,dd38f379-909d-404a-94d5-10c80081a3ca
b6ed5b5d-8691-4038-84e1-7229a45bc402,service_208,376b4045-8cf4-4c10-ae02-06e710759dfd
f6f5f394-88a9-4084-ba4a-79e3973c8270,service_208,da8b3201-5456-4257-adff-ed8167bc7287
5f634c1a-c046-44f9-b066-c62207391c1f,service_208,561bd30d-11f2-4ec0-8b02-423c317cdc0c
105e13b2-04be-41ac-a493-7094495b749d,service_208,ad5fae91-89b3-4fb0-9809-1fba6969a1f4
1eb37e90-4402-42da-a50d-d4dca47861db,service_208,d4dc1c28-f5d7-412e-b1c3-2643c1130e40
177b95fc-c76c-4489-8a4b-1b7b51a42bff,service_208,87fb94b1-8dcd-4b0f-8a98-f8c832159ece
982e5810-40ea-494f-b65f-bddc336bacbf,service_208,280e733d-dff9-4846-b4a2-50bdf4f1a142
92bbae2f-993c-40fa-b4ec-d27e7883cdad,service_208,c37e8be6-4b8f-4f5e-a0e0-da7e38492578
4f462fc6-4416-4fbc-950e-f6fe1e7b833b,service_208,f93d1764-e87d-4829-ad9e-970f2ce4010f
dab29a84-dd4b-49e1-ba84-e18359f67c18,service_208,bfa7afbf-2865-4c04-840b-2cf1ed6b3341
1202aaf4-7b8b-4a3c-8fed-eeff1f4d325b,service_208,05a7c413-5dd7-467e-8e4e-9aaaa110eea4
3cddfd08-cf13-4bef-866f-62455079129e,service_208,6ca4964d-104d-4e99-9303-f5222931a5e1
dce05ea1-c93d-460b-a650-f045d9f6edcd,service_788,806b02a1-86d7-4899-b163-501da5e83862
d3c635b4-8915-4c42-8898-9567be350835,service_788,47db2204-db28-4adc-934a-62824e67e872
896e1a60-b14f-4ca5-9fc0-ca97e01f6c03,service_788,33a9fc87-9d69-429b-b7c2-e4769912a50d
f750ebfe-650d-476f-aec6-dffec9c0f4ed,service_788,6ad3c0a3-c7d6-4eaa-89f8-cdc1bd288039
e5b886c4-149b-4bdb-8180-43659ff766a0,service_788,1b65ef9d-b939-4912-8038-062e2326c23e
72c76cc4-2ff7-4308-9dc3-e21d99cbe154,service_788,178ff44e-52c1-4170-bfc9-8b4ca49c6fd1
f456c981-c9e4-4b8b-b1e3-966d60d5b145,service_788,070a9468-35da-438c-b0f2-d94f96327041
fe32fb67-bf05-4a76-bcfe-413d52ade33e,service_788,a373f026-4c01-4aef-81fa-3422e310e8d5
561274db-8b06-4311-97a0-5003e2a900af,service_788,876709a6-15bc-4982-b6ea-597cf9020d13
2d75a612-8157-4c34-8a02-f6cedc4ab2d0,service_788,953d1685-8959-4033-893e-2a001650e0be
bf3035e9-2385-4b53-bee7-87c21707d556,service_788,451f4413-8352-4c21-85c9-9785f1dfd389
8d06b8b8-cbdd-410a-ba71-1cad48bd91db,service_788,c1474b2f-f748-44fb-ad71-1a3084db09f6
52a05082-617c-4173-b152-e6dd9b5a5ffc,service_788,d00ec76a-3e9e-44ab-aaaf-cb3bffcae55b
416e41d0-4d8d-4744-a9d8-ca93807f7667,service_788,76ca5a54-1c8f-49b8-9c78-ac691dfca49f
b3198e5c-b9c5-46fc-8bb6-aeaeb2894c04,service_788,fea64252-d745-4f10-8972-255365e9dd60
414383dc-bad7-43a2-9476-42d6219335a0,service_788,816d4a52-3b8e-4ffc-9813-a0055dc48629
764fa0f0-2c2e-468a-b32a-ae4ded5f8d89,service_788,dc78d899-f93f-4653-b080-115162b5e3f3
05eaa7c2-2db9-4a11-9a9d-23fff2a6a539,service_788,abc8e3ea-e699-4678-ab77-2ad4d6bbc24d
283ccb07-b0a7-4fcc-8a8b-07e299c30bee,service_788,b14f0232-3515-487f-8f5e-57955d3f8323
5247adbc-3c92-4322-a49a-a57bbcacd193,service_788,7a4e410b-4a5d-4b9c-b38f-4f0b7a947527
581e8c28-d3cd-48ca-b21f-659180bf8fb6,service_788,0b888cf1-3a74-440c-ab58-c248a4b4b91b
13e16079-9f67-42fc-863b-1ca021a06d67,service_788,a986478f-10e5-421e-85fb-7f6629bc7a8f
c4ed94b4-70b0-4b23-9c3f-3fb2c92ed51c,service_788,7fb3968a-8a1e-4d24-a440-5662a7548209
2d904fb3-8eed-4461-bcd2-3f368857dbb6,service_788,450aed56-0ea8-40ca-8161-e2536f89c772
44ad6bfd-9180-4306-a32a-17f2de5a0cde,service_788,869ffb15-35ff-43b6-8bde-92e9c11db9b8
b93212a3-e33b-4651-bcb6-e488dcf2b0c8,service_788,74d2d4fb-6c44-47cf-8b6f-f8ef02181f17
b8dfb09b-6bc0-4fe4-8d4d-f31db6497459,service_788,26cd6b30-378d-444d-be7a-09851e093e6b
01992a81-2125-4d35-9eee-6b040cc195da,service_788,ca9184d9-5f24-42a4-8c07-83812ecaa2ea
a41524f1-3e62-4ccc-a26c-ced052f1af58,service_788,875c4ef8-ca9c-43b3-8bd3-b45b41848afd
2243be46-350b-4f6f-b904-17a3a6f53910,service_788,d573038a-a9c1-4a08-8159-a402f525dfdc
bc05bc43-78ba-4450-9a9a-db4f27f274ec,service_788,7c715fee-bf8a-41c6-b9ef-761a9ec314a6
0cbac22e-56c6-4ce5-b916-d402376c0089,service_788,dea9d518-5654-48a9-81ec-2bedc581f2f5
cbf7a58f-aefa-4487-9e52-8e7c4f4a3b68,service_788,79d9a75e-ead3-42d8-9463-e7eb60d10e1e
a52bd8aa-5187-483d-aea1-4b68c9d0dafc,service_788,4946374c-0e17-4c05-b777-1edee428d441
93261a43-a338-44e6-a3e4-bc7f89530c03,service_788,ae82b6c3-d630-4603-8fee-2ff474ea61c5
ffd686b7-5704-4b89-b3d0-1d397db9a55f,service_788,9d3f5d48-8207-4085-a56a-049575b8411f
70c65fcc-d9e9-4534-8160-ff1861a78fe4,service_788,36cd014b-4b5e-4d20-8f5d-ad58d23f5870
ed174ea3-f546-47cc-9e18-31875d2cb52e,service_788,ed37ea7a-6d0c-4f27-934d-8faa788570e8
598cbc63-5622-4b5d-8eeb-e01c4f78e815,service_788,63a3f9fc-82ac-4fb4-9f4a-e55b1e103dfe
a7ed674a-11be-454a-80cc-8dab3d499b9c,service_788,c5d364ef-2464-4009-ae7c-f7aec09f966f
6e0060b2-6af4-4219-9a73-1fd8e62c90a8,service_616,5c25cd08-03fc-4e7b-a10d-79e5872313fb
672884a4-94f6-41a6-af8a-c6097f41a160,service_616,2b7faf4f-63eb-4a41-8706-fe1be4eb971f
3a11d74d-c71d-41b7-b8d7-701d6d839eb4,service_616,91de7296-5857-45cb-9fb3-f71766b04b18
931eedf8-bb0c-43e8-8879-5407925bc375,service_616,ead0b752-0fdc-4577-8c58-6f2b8d8bb188
4e2ff1eb-4eac-4d9e-841c-19b5f6bca2a9,service_616,7fa9053a-a8cd-4a17-aecd-214115463e3e
93734bfa-6379-427e-8ef7-83dde5ca89c3,service_616,00e65e2b-2f0f-4236-afe3-a189e0f24c99
5a3fbd92-f208-40a1-9528-9a03753c1784,service_616,e4cba346-3c00-4ed2-acc1-781f9201105a
d256f880-9436-4bfe-8364-10e2e31b5b7b,service_616,b1dcbd1e-0db7-4002-ac6f-58047ca2fa96
62e1d54b-c01d-4ee8-b551-c38661de12e8,service_616,c263ebc8-f308-46bf-a152-1e1b02dce3e7
6aa802ad-3d23-4fb4-b60c-ac1f579d40ee,service_616,a0c3e5db-5685-4eae-87d9-d16774a7981b
a099c0b8-58f0-4518-90c9-48a6d336e22d,service_616,b4a31872-623c-419c-8aa5-05e417bba41a
92d8ef0c-83cf-4f28-90bb-f35c3de7d61e,service_616,9152828b-c599-491b-8344-ecf9e03a0c11
33fbe432-3b63-4714-add0-55e1854be7a8,service_616,11abe580-d2ad-4dca-868d-dfdfaf725769
994a5458-01e5-428e-9aff-323927a002b3,service_616,9b7d6ced-760d-42e9-a352-0b36fd9a1fb1
95d42570-ff76-4bfa-b1f0-243108eabf4c,service_616,433e496d-0638-425a-b7d5-7f8936326b95
e43ada3e-9687-4d71-ba20-5e95e1268970,service_5486,f2f3117e-6d24-4040-b38d-b21af5ac393f
d9863150-a210-40ed-b5bc-b4958a21df87,service_5486,beb62b41-fb06-4e3c-8249-835cadc3d87f
ddd0b15c-42a2-418d-9ee1-1cd4d0737b32,service_5486,7b3b39ef-8e7d-426c-86f9-33c22ba0a502
8c513285-b42b-4032-8a94-0a372073c078,service_5486,ceae9569-a02a-46a7-90c2-ea7c5a0f843c
3b9a7595-c0ab-432d-9e20-a880f039c7c3,service_5486,c7a6b830-cea2-440e-ba6d-b03bf2f3e522
17232f82-c01e-43a0-8561-886983975e30,service_5486,37cc694a-2010-44d9-a795-7de66bc87b5c
c3e8e118-8f51-4b13-9bbc-96f11085ea43,service_5485,362e122b-3eb9-4748-bcc9-2a6863eb648f
48313193-f6c4-497a-905b-96710e6a3dd2,service_5485,3c7eb47a-c8f0-4d24-9530-611835060824
767a6425-a4d1-4625-abab-dedd84bde28a,service_5485,1a93e610-ba25-4da2-b6e2-5e4843800c4e
e7638afb-68ad-4b15-b9e1-ce6e3bd1f916,service_5485,09594ccc-fbd2-4df1-b510-ea06256be30f
4eb990a3-0d8c-4a87-8e2e-c2cb00d24c9d,service_5485,6c6f925d-d7d6-4e03-a8e9-92b41b61abd8
56c5384e-f791-4445-bbef-ffa2f92b6543,service_4373,77ffccff-8274-4039-b745-395372c07fe0
4a95f667-1dc2-4895-a2d3-4e89244f9271,service_4373,66c52aa7-8bbe-4376-adfa-0cbc10253955
f5a072fd-6176-46aa-b4ad-d4c2d45557c1,service_4373,99abd65c-56ad-423f-b2aa-bdc273a30e6a
d1c08af1-8249-4931-b71d-e6c9274a2814,service_4373,d9cf2110-1ea1-452f-bedc-4bbfc11f141d
78957be7-2eb2-4c66-b7a5-c82bd7ff5cba,service_4373,bcb9590d-9b58-4b93-ac1a-8edf7c8dd7f3
b764885a-296a-4f60-9a7a-52b961845eaf,service_4373,8c5249eb-8726-41d4-907b-1c2a0e7bdebb
5cc9fd6d-9684-465d-9829-f4e354eb84c9,service_4373,e69366f1-5561-49a3-b170-f4fcf510846d
6c2bacba-ac9a-4613-a8ae-674362b84973,service_4373,08a837ed-0373-4aa7-b184-03b433d6bd47
49edb6c8-2cd0-48a6-a573-2c6a7e68534f,service_4373,69ded6c1-a59f-4dd5-966e-4629adf891f8
4c595c31-639f-4e35-ba2a-c59bcd623e3f,service_4373,9dc0a544-3076-40fe-9bfd-abe89fce7e69
34b02353-b18f-4521-8773-216190a6d1b6,service_36,6cd09704-4351-4936-a9cd-7d1e3f0058bc
18638ed6-a227-4951-b2e2-581e6dc36906,service_36,a2d649bb-3203-4bc1-b2c5-1fa3d7253088
4a785a14-648a-4923-b9f0-b6a510539eb8,service_36,69c9066d-89c3-402c-bc6e-ed3a1d9ab3b6
40f2ee5f-1345-4792-9038-61c18aade027,service_36,39f935f5-8a0d-48a2-a591-ddee73ff7344
569ad5f1-f82d-456f-803c-b91459fd73c6,service_36,91c1b571-d3b6-462e-ad25-109bceea086b
ff6cba72-31f2-415c-8245-7d1554e8583e,service_36,04cc3932-776f-4193-9c27-0896302fbb08
0de616bb-85f2-4694-ba93-be3b19ca0936,service_36,f1a9bc03-42f6-423c-908c-c57ef352266a
56e19b45-90ba-4f97-a521-a456e1477d2d,service_36,cfa92c40-f46c-43e3-a412-4566aa595847
46538e1d-d047-4dc0-bd84-6f090337e8ed,service_36,a64b2776-07b4-4b49-a8b1-3e9c6aa1030a
dcf21b6a-6d9d-475b-88a5-543191f714cb,service_36,81bd52c2-32fc-4e14-84f0-1834dc4247f6
abbf5142-f76e-49ba-a20c-d51c5a9c5659,service_36,cba29f99-64ed-499e-8838-5fbcf0519eb1
90dba4dc-df82-49ba-a343-bb3daa567305,service_36,73549156-3703-4b73-babf-137f39fd8669
d03eea0f-3e90-4e8e-84f0-3c467fe2755b,service_36,7eea8663-54ac-4c20-a610-bb3d8d909a2d
3dedce4e-46f3-4eb1-aad0-d1d1181b87a0,service_36,492b6424-5618-4c7a-b28a-f4a523703639
68464067-740d-4ee9-9100-5d171ca9d431,service_36,63d89c7a-8e5c-449d-b290-54196da32440
90881cd5-c1b9-42d7-bca7-3884b6c52b0a,service_36,3cd5cc84-94a1-4358-abcd-5b2779cf01b3
94a687af-48ca-4e53-90d2-bc9fccf9f515,service_36,cf4741d4-158e-4461-90a6-553eed5e97a5
64b9012f-522e-4a65-b66f-d434ed270dac,service_36,e114db11-5194-418d-9595-b2ffb7409b59
c289d553-74e5-46d7-ae20-fa1efe1143ce,service_36,4e9ef0d8-330e-4a67-8548-12ece40a613d
8bd4cd6b-9f88-44dc-924e-f2af8eec373d,service_36,4df975d2-bc75-4691-ad02-85ac41995f94
74f36cb4-3346-4860-93b4-2e937dbb4fbe,service_36,b7cbea20-6f89-49e1-8ab0-63a7a6fec43e
cce97d5f-97d3-4b4a-b48b-96cfef8a77c9,service_36,1c8578d3-c76e-4c0a-bf1d-bc64304cf89d
2fb5608a-35b4-4db9-968f-171536a37ad7,service_3373,5087da69-a319-41ab-8583-835a732b7feb
1c68ccc9-83ba-4411-bb04-0bf52033f898,service_3373,a09393fe-1677-455e-9282-f73ee9791a4a
3fb577d8-30b9-4a4b-bfe0-b810c8b350b5,service_3373,12ca8bda-ba87-4027-ab04-31d0bcc28d30
a4b36f90-a69d-4aed-993d-e4bf27e7fecc,service_3373,1ea600bd-224f-4997-b6fa-0c17fe9b1d00
8cec6527-b2c5-4062-b15e-2cef5910bd1e,service_3373,7c35d1b5-7fbc-4c44-ae36-33c00feb1bd2
73a3d623-418d-4f11-a20a-71818d42787b,service_3373,94717acc-7c18-4bfe-b484-271f04eb9e5f
5f875c34-094b-4997-bd3a-ef77bcf61a15,service_3373,7af69219-bedb-4032-821b-954eba760380
99ab212d-75a6-4ee5-ae81-216d1132190d,service_2679,6bff7600-d0f5-41ea-afcd-db217f94c60d
833c5a42-e903-4dae-81fb-0f2119e9d22b,service_2679,a7c249ac-a2c1-42a0-9e96-77accec3cbe9
6b2c9407-29ea-4f79-8826-9a2678d8a20c,service_2679,012eee4a-68ad-4e9d-80a2-c940f838b9f3
bf32a875-a67b-42a8-8aec-371d212c25f2,service_2679,5b6c92e6-51f0-4a66-9414-d84f70fb9ec2
7f4b9786-69a9-4404-a27b-e55efd6a0ee5,service_2679,7f94d3ab-9ab8-4e47-aae3-9eebff076aac
482855b4-6038-4dcb-ba7c-880209209414,service_2679,3f212e10-8ca3-4d70-b5d5-ecd8fd419236
0d7e5888-f6b7-4249-80be-84dede3c2b6c,service_2679,c766b62b-7db0-4f10-bdb6-2bf6cd038eb3
b376ea66-84f0-497a-a87b-cf211aa421df,service_2679,7286f7e8-6c19-40d3-ae5a-05c8f68e07e6
16c7c37c-f79e-42db-885e-35fc14647138,service_2679,025c4996-1b70-49c8-92e7-e84c99c6191d
91866b2e-8d38-43ba-a720-a41b1390d88f,service_2679,a79fc7b5-3b5f-48e1-a4b9-788ec9bbb8cc
803d0d0c-380d-47c8-8e01-ce4173c777ff,service_2679,a4197dc1-140f-439f-970b-c262923945a3
5410b5bf-b258-4223-b207-43d1bf40e11e,service_2679,c734043d-4642-400c-bafd-c14d8d8cf3d1
60cb91e2-6aae-4309-9821-7a554bbee284,service_2679,348c4e56-85ab-4107-bcb4-faff17935c1b
6188a96a-199c-4572-a3ac-dfb48675f17d,service_2679,f56080f9-4067-4ea2-88a2-4e7d3c2dd9c2
4ea75040-6f26-4fdd-a960-42ea1c513b71,service_2679,3dae3b9a-58a7-4a72-a373-58ce7c49b799
40f273fb-3110-47a8-9bea-a8df23ecd793,service_2679,b0d3896b-9832-4e3f-8e1a-77fd055d207a
ec194f41-259c-462e-9607-ef9aff994311,service_2679,81105539-ae1f-4a8d-aef7-808c5749dc2e
4e164b18-8c05-455e-8341-9a58bd9007d2,service_2679,1d114aad-997a-448e-a402-2f8d298c9948
262cce1d-502d-4ee5-8d72-7a1d08bcccb0,service_2679,43e44e37-25b2-4ecb-a4ce-8fcad7d912e9
1c201157-8547-40f2-8e1c-73360922a5b5,service_2679,4c218aaf-7111-4541-a1f6-dcabc494e88f
1c46e953-7954-4476-a5ba-ce677ac0e3f3,service_2679,9fe11d4a-5777-46e4-9bc4-81daaf0f8bfc
8219f8ff-83d2-4160-81a8-497bbe28714a,service_2679,105ec65e-118c-4b70-b824-ed7e98d57bfa
7d3da9f2-0ae2-4fb4-9054-8f42c34942dc,service_2679,8bdeb067-57ea-4420-85aa-2c8de9e63362
382f5b44-ef3f-40e5-a614-e43ef58b531d,service_2679,d965c30c-efc5-4f7c-b269-1f1f08f23892
80dd48e4-0adc-472b-834d-a85d5a651e99,service_2679,be94c72b-16c1-4e40-a4f4-386dbbb106d2
18d4aef0-76c2-42ea-9107-a074ca31f208,service_2679,1cd72447-2a22-4770-aa0f-fcc54258b86f
dd4ca142-d3be-428e-beba-2173c78da886,service_2679,a54ee9ed-fcd8-4a5b-92d7-753bdca64364
aafbe296-d0f4-470b-80d2-12b5692f48c3,service_2679,878a7efc-3d5c-4ee3-a324-036dc1e2c4fb
8e094443-68c3-4082-8b22-bc9a0f591a39,service_2679,ceb6c9b2-256d-4139-9592-8f058eeecd25
5f169a0c-3573-4ddf-b965-0ec5f986e419,service_2679,abae5a9a-cd58-44ed-820b-83c7ac2ca0a6
b5ecdf37-7845-4e19-bc50-e373249d3244,service_2679,82f8c1b7-274d-436c-a119-04530cb05a62
451f4ca6-83ca-4612-93f3-c42a0eb1e0e4,service_2679,ef5ffca5-d55a-4c5d-9070-406162359bfd
93ef93f6-ce26-4438-827f-32b618b6b442,service_2460,9f5a2e54-3daa-4d50-ae2e-215f2b73d078
34ed5851-26ba-4721-bf57-c681613c7813,service_2460,f708785e-aaae-439b-b715-93def189d7b4
d0f20a79-52d5-4921-9b9d-5c2cd927e9b2,service_2460,0b56ad20-8ff1-43a7-97fd-465d86d6e1a5
0a4f22ec-0acf-4e05-aa44-2f63dfb1bcf9,service_2460,9fc456b5-3a02-4a85-8a64-242d2adc48d3
49c3f23e-77c8-468f-828c-b91711958fce,service_2460,65befba0-9071-45eb-aa47-1aa74bd17a06
db729329-ad53-4ef5-9a8e-aa9ae1317dd3,service_2460,eba2f10b-6400-4a52-bb77-37974df68456
64f2f266-39a1-4d1c-9a43-cfef0acbdfec,service_2460,ac8f4a18-929e-4aa9-adac-37cec6c5f38d
c0326043-af91-4242-9cf1-8de138da6cf4,service_2460,0873c918-b6f3-4e06-9701-06d8d2bba70d
15f5a1e6-1dc6-4cb3-8ffb-fb1a7eee3a3c,service_2460,02a5f1d7-a140-4fa6-83ea-2b9fdc4b6caf
5efb1f62-7b17-4c1f-ac91-6c72e7bb947f,service_2460,5a896e19-af55-45b7-b240-4d08687611f0
17db01db-7f7e-4afa-bc0e-796a317305e8,service_2460,f47079f2-7c30-494d-a742-f8f8488721c7
aa6b910c-ff69-4303-802d-3e279dd76573,service_2460,3b4e3289-c465-4065-ac61-e78e954ad66b
0d5f2ec2-d759-49a5-b716-796e4b7cb4af,service_228,52dd67eb-1afc-48f8-96f4-86379686208d
2e3d26d3-911f-46c6-8835-8508de1aeabb,service_228,4ad3e05d-f580-462d-8103-e75649ce034d
1c8dfa90-2a1f-4857-b257-f7d0e2dbcc4a,service_228,9e0d89c8-18d5-4602-a8bd-b9eef74dbf30
2671e054-766f-4749-ba0e-2771c986fba9,service_228,e04ad040-9d55-4a44-b791-f0613f07b145
4ad986b1-a0eb-45a8-9af6-e0fbdc649d83,service_228,40a2431e-65ce-42ec-8272-239b9ab3fa94
c5384071-9bc5-4c85-862f-2180b0e3d9c3,service_228,4aed8ef8-9bf1-4ab7-b57a-031ca15588e7
afe4d6d5-fb3a-4ea5-89f0-32f53c87b00e,service_228,9a763908-a1bc-4220-bd88-b97c8ff356f6
e82b22ac-b4bd-418a-95b7-9d5916cdf848,service_228,b9922275-3fc3-466f-a700-86fa1466646d
821d7626-a530-447f-a514-69ade1308ed8,service_228,b7a14f96-6edc-40b6-9c36-6dbff453ad44
2e68e0ea-e438-4937-9848-2f99e38669fe,service_228,3581f753-b454-4aa5-971c-ae831944f2f2
dc5b7345-789b-4050-ab59-76e38b58db71,service_228,c67f9f8a-fe46-4b51-b566-a894bdb7dc47
807e5352-0099-4949-9d1a-72438e5e60ed,service_228,85a73218-0e48-4bf7-94df-a2ce7f01771d
35ddaaef-e45a-4d8f-8383-decd09a61dcc,service_228,87a939bf-9004-465e-a958-65153b024010
dc591d77-d060-4f30-9764-89e217f113e4,service_228,3eadf1ec-1470-4b06-ba09-271233b26073
767a8e5a-a295-4d16-878f-b5d1def8bf37,service_228,ccf1cde1-e632-484a-a0b9-73f47387b916
64647c4f-b1fd-47fc-b73e-454a1fed4d8d,service_228,5abd5c65-fb26-4c51-8398-76834035b0d9
09c617e7-55de-4a99-bb8e-c298730f4d86,service_228,3cdffb25-967a-4d58-9164-3ed7f8056498
63c17f91-34cc-4283-900f-d3f5f35c35f7,service_228,27804dbd-1a3a-4cc8-a055-d2e8654f4c35
286c9e1c-61ab-43af-9a3f-3a8cb1a52744,service_228,82aa596a-9c88-4a36-9d7c-33a8441ad571
1db892c5-254f-4f06-a92b-d98735a2a538,service_228,b9c7c763-6069-4334-ab5e-2e8adb1d01f8
740e14a8-ccf5-47b4-ab6e-7e904b2ccddd,service_228,81c3c6bc-fa44-48a0-96ed-7edb18664a85
ea7b56df-8ba0-4f0b-bb1a-4d5dce8e0ab6,service_228,44fb1ef2-4269-4c71-b7aa-9a54ea3b6863
cbae1df0-4599-4a41-b989-61c0d2c5b0a5,service_228,ec3df785-363c-4f87-81d9-4c7f7b9b8ba9
7a53f970-efb6-4c4c-a817-c1ef2b1cf82e,service_228,e0d070a7-7231-4ca5-8c21-d0d0f4f8cffd
a82b5a8b-5073-4d75-827b-df26782662d0,service_228,0fba1b07-d420-492c-8bd3-10d28bbfacde
59d7f421-428a-47f7-aec5-7184da2a80ba,service_228,b11c247c-0a9f-4ff4-94a2-c76a3da37ab8
d2712e17-be99-40e7-a2f8-bb6063405899,service_228,3d51e01a-146b-4fb6-a094-f9b889310fbc
8f2dc895-e786-43f9-bb85-cdbd6bb1e942,service_228,e14a4ecc-0d4d-4cc6-8482-79c75f740b3d
776d6e23-086a-46de-b373-b85aaf266a7b,service_228,e161e647-f000-4806-ae09-435f1af76acf
4a3b3796-bd64-477f-abd1-6315e1dd1eb8,service_228,c9c96702-350a-4667-b717-a6a97b87a95f
158f6c69-5521-4989-994f-868a9f207d26,service_228,f5d7521d-fa5e-4f9e-8e96-f57d07850a40
e8cff392-8359-461b-ae85-add6aa8a5bc9,service_228,bc147e9d-5cca-4af8-94a9-19d2c9e2626d
37669550-40f9-47c6-a4d1-1f3303b38bb8,service_228,bdba623e-6c3d-46b4-9f66-e9253976a06b
7e254ebf-f9b5-4848-8e3d-5cae912befaf,service_228,3c3fe686-ca21-48b5-b63c-1055263e8db0
5e276a8c-efc5-4e19-8a2b-9aaa8f1a29fb,service_228,d6917fdf-cec2-42e4-ac84-d9178f5ad3e3
61c17a6b-eadc-411f-8f4a-74673fb29665,service_228,6ad6c52d-007b-4fab-a1a7-46749a955768
a4bb0e35-21bd-4951-b0d6-d4c78b183c87,service_228,3d2d1653-e0e0-4b16-9130-e4ef0406dd90
1738d092-55ba-431e-ab65-e2ee7e7c7dde,service_228,2818ee5f-76d2-4a36-b503-d3b7b5230745
1238f73e-97ea-4685-94b1-b180c425aeda,service_228,92a01397-8022-4230-a2b3-7b00a843912f
ee0b2c9a-8aeb-437b-b782-32d9458bfcdc,service_228,763801fe-53a4-4048-8386-add855b6687b
e0f753f2-df73-493e-a8aa-ea3064800eb1,service_194,d08aab5f-c3d7-460c-8acf-7880fd63af10
9eb3f1eb-a51f-4d86-a19a-9fbfaae60a1e,service_194,aebafaa6-ac75-46c6-8bc0-cabdd299a72f
fbf49d96-453d-4066-a266-dc5985dac085,service_194,9a0d9bdd-b7b3-44f8-9d89-69d571800c52
6deeeef5-e565-4dbf-86b3-33050cf21c6f,service_194,a09dbe7d-4e6b-439d-962a-40cf1fbee11a
79777257-232e-454d-9e36-240487c33acb,service_194,a09465d9-1c0d-4741-a828-55b25ac8b828
317e30ee-0ddc-4c3a-8633-8e996a626992,service_194,7ea46cc2-2d1e-41aa-8cbd-72a7663ba1e8
49ef753e-21a3-413a-b5a6-6b1f9caf742c,service_194,14fbaf38-350c-4692-977c-8a8aa1d3f290
db8a14c8-55da-4c3b-9205-8af493b6fbf3,service_194,3c94729b-9a87-4f91-b8e5-14e8b58689f0
015f375b-8f31-4b53-8ef0-e026c7895bc2,service_194,5c7b13d0-13db-496c-99b7-fd67c15c45cd
ef70b61e-c730-400b-b206-26c01ee4f93b,service_194,b5162382-5fb9-49fd-b625-39e27a5aae01
7be3992e-92d4-41a5-b920-919a4127791e,service_194,1ccdf0cf-36ab-46df-9451-097f009b4e6f
377591c8-fc88-4c31-b521-0270422e88c2,service_194,f6a95530-ad95-47bd-9fd1-715886a2ad12
e409e311-1e7e-4873-89dc-c08e4de8d912,service_194,75ecc731-399b-489b-8d57-3e292b33d1ce
25605348-2f73-4c35-b0b0-1be4eb337d65,service_194,66138279-1bef-4e41-a6b3-03bfccae8ce0
34ce8e4a-aae4-4884-ae8e-bdfae842b1e2,service_194,6ba8c4a9-90b8-4a50-94e4-c4b0a611e911
c20b3313-c5dc-4d20-8981-e24c8844f95e,service_194,89ae17c7-8c92-4f2b-bd56-58b01302218f
c3efeddf-f590-4481-a146-a5086bad6f7b,service_1754,d5b4f3aa-394c-4068-b82a-21bd6c4d227c
54ff9e30-0a99-406b-8503-c7a25105fb65,service_1754,2a51a9b0-dc95-44d1-b8eb-031d7cb62d4e
cb29ce02-a29b-4857-95db-2111bcd464d4,service_1754,8426684b-ed32-46db-8ef9-5d7081c9ea27
4bebdf38-07dc-4d52-a6b7-42326edca826,service_1754,a40fca1f-c679-4cf1-9546-edbc4932cc25
dad56fb0-7816-484d-b435-25f468f6d61a,service_1754,4333aa17-60f8-481c-8fbd-d9113d4b04d2
6da05166-7a86-4082-aa90-1badaa389978,service_1754,36739ae0-0843-4afa-8ab8-9501fc0b82d3
41f4a2c2-1454-402d-8537-6b1cdc4037da,service_1754,0de1e49e-a799-4daa-8ada-1828fe69e8f4
999fdc02-dab1-4eb5-959b-5056026f9e92,service_1754,79ca1b63-511c-44fd-9761-17460f1f42e9
16b56579-eefd-4aa7-a98c-15c8df9102cd,service_1754,020f11f9-2929-49b5-b5cc-a2226ef2deb2
60067af8-3889-4017-bc61-25fcf23a8f04,service_1754,a0bbdc60-bc15-444f-974f-66479c882593
f6e19f5f-5677-4580-b15f-5d748521849e,service_1754,98f335f7-89bb-4960-bb17-861e5bb5771a
60860989-76e1-4e59-8863-ddd42b20e1b8,service_1754,abf1af3c-f078-47be-8967-f51111aca43c
9e02fcde-840a-4e71-a612-668c9f595ec0,service_1754,380038d6-f641-4d96-ac9c-1ccb8d8aa52d
fae10866-ab99-40a1-8259-0f8743355822,service_1754,71a1dc6f-f0aa-4571-98db-de96537b8121
d3d147dc-c7f4-45b4-9684-632eb265d772,service_1754,3c67a41f-17fd-4544-ade8-33e32deb4218
d5f26f1c-ccc3-49f4-9869-21dd02f54460,service_1754,6e47e73e-dfa4-485e-8336-3ec9fe43aa53
5493695e-679b-41dd-8165-d308d3543c70,service_1754,69555647-60b9-476d-a2f2-c82f8404d98f
7139e4fd-ebe2-4c7e-8705-362cae4e8389,service_1754,b8518e89-81af-4851-b27b-25fcbae043b3
76c5333d-69f5-482c-b97b-6448604b9e2d,service_1754,e8f7122a-683c-47ba-8fb5-43ec2bc3f537
09d9a394-f0e4-42bf-a8d5-c24b597ff25c,service_1754,29b2e47c-904c-4ae2-9005-9068d6f70933
5b6440f3-781c-4834-9830-331df7cdd6fc,service_1754,977d24fd-043d-4b12-b228-9474b109fdb9
2d0b0dd9-b9b0-44df-9479-0aecfae44791,service_1754,0ce93054-ad10-4a2a-b5d9-a051a8273adf
f816e988-d252-4af9-9120-67a2845dec9c,service_1754,064e6156-26d4-4dd5-a606-16aa1f916836
3009458f-a6d3-4568-be86-900c2fcc2cc9,service_1754,0ab3c07e-f992-48ba-9e54-47e78300653e
bca2de37-11c3-4f9e-8d2d-e59515052b99,service_1753,0285e623-efd9-43dd-9d4c-255af529cacc
fff89564-cb59-40f0-8a2a-5c5adba4d988,service_1753,c37f2f43-7d85-46fe-aceb-95931c477678
1c547e07-3529-40d6-b910-1fab4ada2a68,service_1753,a4f70836-1dd6-4637-a80c-bf10bcae1be2
4d63489b-6178-4e3f-9dac-bd5751906d66,service_1753,43567fe3-fbfa-4e3e-a63c-aa97942fde18
0e4cad1f-3e2b-4452-972d-d8c120ca3b9a,service_1753,0c727178-ab03-4a8c-a0b0-8a17a634a6fb
da1df5b7-ac03-4d79-bf6b-ee46d779b22c,service_1753,e618d183-22c2-4e33-87ca-897bd3f943c7
9b09d631-124a-4c67-8c73-d8c45ef29092,service_1753,012de6f0-9b19-440d-bef5-bb5503597097
9b14b7ca-bc1f-4560-af58-24d46872731b,service_1753,08700a6d-cd9a-437a-b2a6-036f9eec0e26
77b51709-e5ec-4a7b-b779-8f4b199f4ec9,service_1753,e0b71711-14c6-47b8-bbc3-0cc8b9236316
4df2d31f-c2a4-4157-97a2-a91f066df170,service_1753,6603fe24-fb70-41fa-940f-77235be7027c
3ca96f57-67fa-4963-b8d7-5e303a283e6d,service_1753,69362090-8619-4daa-9707-25e4791e4ba1
a5d8bb6d-faf4-43d3-ae7e-59e73f52fa46,service_1753,a73fca20-adc9-4661-a6b5-99f644c17b0e
843b43d5-8225-4ff6-b021-b8cfd5155733,service_1753,b6e3e9a2-d4ab-4dbc-9f68-f1ccb2cfbe7f
ae354a21-364d-487e-94e3-ed6094e00760,service_1090,80c31e6a-d267-40c8-9e97-867c6f3ada2b
eb0f7c01-98e4-4e3c-a72b-b83bc4ca2831,service_1090,5ffc0d9e-6983-4a97-9bd8-1a16f12b0e23
438d024a-1be0-43f2-858f-1584c2734509,service_1090,7239a0c5-b74c-4a0e-aee4-27f2436c6f0b
3bc67a03-b3ca-4271-b144-c6791368aec0,service_1090,0cfb33a9-5c41-4aa3-8157-6bd170069690
99640277-6aba-4222-aab3-e79719262e51,service_1090,3a8d2053-be84-4ae2-82d2-335b66ae2be5
dfc5fe01-e1d7-4d38-a72e-519d9a4391af,service_1090,9cec46b1-ce8a-4f0a-bc33-34c21d527b67
da0ca051-0a83-41e7-9c7e-bc41fd303e2e,service_1090,a6a87963-28a3-476a-870f-fd8687bcc3ee
488ebef6-e644-4e46-a913-44499a53f4ca,service_1090,c1c42882-0056-4b24-99bf-a445ad0c2812
ae22eeff-40e3-4546-b067-1f92acec3493,service_1090,133e97b0-03fc-4fbd-968f-6ab03700ac78
485edd00-d0cf-41dc-bbd2-fe3a56ff8cbe,service_1090,81975998-543b-4815-b48f-1a41438f53d2
7466ed04-4874-4d0a-8757-2c05b7c507f3,service_1090,b8ebc5f9-fd59-422b-a19f-b54a08bfe45d
9b9b9284-07bf-42e4-bf71-41e39be7cdcb,service_1090,7fcaa37e-c722-4e44-bc0f-22b53d7a2b47
653b0d95-e7d3-410d-aa95-e3db0929aec9,service_1090,47246550-6f46-4825-97bc-2c058dc3fca3
46082c03-690c-4b9e-904b-30652299fb23,service_1090,33937b02-a7b4-4176-bc2e-37f316d13657
c647bfb2-02b3-4476-bb65-f38253ed96a8,service_1090,5c128309-bf94-4370-ba30-f5a9bd961c7c
7803cf42-7ca3-451f-ae61-709a16d034a6,service_1090,789c627c-2062-43aa-a2b1-04addffb26bd
e6af675b-8156-46d9-aa11-fd2250f37ab6,service_1090,f58edfaf-79b4-4bb2-b226-cbe3ae9875c7
641ba1f9-a9b4-4c56-9381-f5329fa5d529,service_1090,5680664f-959f-4499-b81b-0501c722686c
0845c65f-dbdc-4b37-81ae-220668bb2962,service_1090,c473e5de-d612-47c6-9840-53184575869e
b9e6bcc1-908d-4ea5-bc62-103c5ef84747,service_1090,fa1946ca-8f09-45f7-b1a6-8072a379feab
bb103b20-d078-4742-80df-8f6e39068cec,service_1090,564461ff-4268-4979-92b1-71762cab3ffe
154adba1-041c-48a4-a0a3-07640dfd609e,service_1090,a8bda523-5fe4-414e-9987-115c0a36c2bb
7ba16823-a482-4aa8-9b3d-ec484c0d4810,service_1090,4eb13f11-474f-4589-acc8-87aeeba4787f
3af744eb-670a-4c57-a1c4-78b28988a028,service_3606,93cb18f8-d22f-44c7-8b22-f8fac99c8394
e41f8894-71b4-4ba8-a60b-27a182962233,service_3606,23cbd57b-d1b7-4890-b0fc-e26ea11a33c9
64f4dd5c-a14d-47cb-b13c-ab924101212b,service_3606,a53f1259-beaa-49d0-98ad-6d61f813af1e
268b8b52-e43e-4536-b671-e81c322ba5a7,service_3606,0604bda6-801f-43b1-a89f-4d4d408de5b3
b00f2791-3efa-4c30-8086-6eb1a3608d32,service_3606,4485c487-c57d-40cd-9d25-87c529370d87
a97166c5-422b-46ba-9b95-2ab348148bc5,service_3606,22951529-b909-42f8-bfc1-f8d5b0cb1148
48763d6c-6c86-485b-920c-ce628363cfed,service_3606,c1fd6b91-e486-447e-abbd-a2ea1aafbea8
9f80bf43-9341-42bb-9f04-746c33eb767a,service_3606,9574cc94-858f-4bf9-bf05-8bc2b2c3cecd
5e1e4bc9-8519-46bd-8550-559934e0b9ba,service_3606,5770a24c-3092-4164-b8eb-ef12ac5c6279
9a12be3c-5322-4d06-aef9-f40f3a932441,service_3606,46387d17-77c8-4ca4-822b-c0c0e8a11461
a6c1a644-89c9-4754-955f-64de840985e4,service_3606,6c59bbf1-ac78-45ea-bff7-1c0b226fd3ab
5478890d-a25c-42d0-b584-4ec5daecc438,service_3606,4a76b340-1f81-4af8-951a-7eb0acb9b36b
1eddb530-ff77-448f-8035-979b9153a044,service_3606,b4793ea0-7649-44fa-b377-ce428d072f56
6f3167fa-dbbf-494f-83a9-c5c046eb4f42,service_3606,9b91c007-f37c-4c90-8e04-f63ebfee4bfa
2c645cd3-5c11-4a16-8866-967bb4ed4e67,service_3606,1129e7f0-df65-4627-9533-a3e290b48777
c9a27ef9-9ed9-43e5-9e2c-c4c42d46c1ba,service_3606,55858560-48b5-4572-bc0a-6991e4ceb176
6131a838-3694-4d5d-97b0-78058c2fc38d,service_3606,583cfb47-bc22-4329-b313-df9938261c02
3892be70-9828-420f-a93e-624725c1770c,service_3606,be90070f-c839-41ba-a1e2-c7b6501e76ef
25f128db-86c2-4516-aa99-244e8b9720cf,service_3606,2e537ef4-ad05-42ce-82a1-923f52e165ce
f977e232-46a8-449b-9f3a-f5297343ed96,service_3606,f00d5116-cb10-4ba6-a5c3-26d2b2ea0d50
32ee11ea-337c-401b-a239-702fdc9bebac,service_3606,5d670530-38f4-4ea8-96e3-813c23d5612c
2e3ea997-a6ba-4def-8b1d-ece3072f98de,service_3606,1a1873be-2b16-417b-bf35-0fd5038fc4a7
8bb0f5a5-6613-4656-8c01-61837d27a98d,service_3606,01ba1fde-373d-4379-b700-669edebc4c77
eace0e68-4a80-49d1-8c2b-6e94ca817fc6,service_3606,a2bf1be1-c8c8-48ff-9a1e-4aafddb081ac
90950590-661a-4130-bdfb-7975899c28a8,service_3606,f5788c4e-397f-41a9-bc24-35592f873ad0
f6efd901-63f0-4a29-b5e8-d3c0e151eacf,service_3606,1bf1b6a8-0ebf-4801-baf7-f568f0be2756
16f6b505-b7fc-414a-bc57-d821bcf16016,service_3606,ae044ca5-5b01-4b5c-bcd4-3795473cf006
98c6846a-565e-4106-aa72-b3bbf3c01c25,service_3606,9b5c685d-fa43-4849-bc6e-d56df181f8a9
70e0bdb1-cb50-4b39-9b22-406fb41216c7,service_3606,280e412d-ecb6-4b6c-8055-9458ff7f1aba
89a17887-8648-4ef4-b7db-4808dd9f7c5b,service_3606,3d925bc6-1258-48bf-b144-099b5333cc63
c5b1fa8f-c6e9-42ed-9f97-5759ac5ed14b,service_2401,9b046dbd-f404-448f-aefb-843464700433
16794da9-f6c3-4ed3-a625-911373d2eda9,service_2401,6190a3b3-1d2f-4839-a749-84f48acccb4e
a5933971-274b-42ce-b98d-7f52a04d6120,service_2401,e3384d99-c7b6-454c-89f1-ffc7fdeea65e
8f197e12-be0e-4cc8-a397-60749382c7f0,service_2401,1c5dc8c1-01aa-4622-9592-93ee628e134b
c3f83f85-df43-4513-80bf-9e9ddf9688d4,service_2401,00b6b70b-03e2-457f-95b7-0e74fae4117f
e0caf410-0e8c-44b0-a4a0-19e3166b0e8f,service_2401,de88bb10-9e4b-421e-bbd3-3bea839c5db6
2abc9842-3ea6-4e47-bdc1-480a8e20b04f,service_2401,5dc82e7c-193c-400a-b798-ee603dcf47d4
65f26dc9-3970-43ee-b9aa-972d7b55836b,service_5655,090e96e2-708a-4c80-9615-933e28f4c0ae
ec94c5a9-1066-40e6-88d1-6b34622850f4,service_5655,c7c5bcd3-acdd-4978-bef3-1eba430c9dab
00f51921-a642-4b13-84e8-deba5435fa69,service_5655,16c470b5-8fd6-4524-af46-c07325bfa07a
1a405971-7744-40a0-aba3-b0888fda543f,service_5655,024a1fee-193a-41af-9633-bb0c89cb157c
a6f1d62d-532f-4271-93a0-794cfa749ddb,service_5655,e5288351-3b2b-4d66-8953-9658a4c9724c
9a7b9512-1177-423c-83d7-0274897724e3,service_5655,d63572dd-b013-4580-84f0-78ae378f8db2
0de257c5-1421-4951-a56c-0c6783b3db4b,service_5655,9a5fb0b2-2059-4742-b248-878ff66f2358
571e7b77-485e-4d45-bcd9-cc75d046b930,service_5655,01a45bab-b1ee-4ccc-82e5-b3fe36088724
9c85f40f-5746-495f-961a-d587d2021f9f,service_3317,72076f49-b227-478f-8b37-adc4e9c29f88
e0ed2b8c-b230-4730-9309-b7fdc96aa50a,service_3317,19d73c17-04a0-495c-bbf8-c1573b6dcc33
3ffbc919-b637-4e92-864d-4239ba6276ec,service_3317,9f61623a-6ecf-460c-bca1-bc2103ba30b5
d15e2c00-60c8-4263-8397-05e9c448a539,service_3317,3544b685-2f4a-4589-8452-772b2c3d4ce7
d35b5234-d1ec-49d5-b201-4b943e88b58f,service_3317,43377ac5-7024-4854-9cbe-2b4a8ece1dbc
fb6146b5-3db6-4b4c-8922-a0e1c78969b4,service_3317,2a4e4e84-a1ce-4647-9c36-2f304cedaaf8
0195774f-cc62-4333-a5c5-3d45d881bdf2,service_3317,6149d8eb-5f84-4ff1-aa31-73ac01319599
405be2a1-856a-4e6b-af3a-350c624563ae,service_3317,1ee55ce9-766d-42dc-a6f0-6a5687844f06
878113b8-7641-45db-a0b7-a40f5508aceb,service_3317,3cf6c29b-0039-4b49-bfb0-7865a1f999d8
23bcecb5-6824-4ab8-bad6-01b9b4aeda1b,service_3317,1b469da5-b201-422c-8f78-1750bfc280f2
608f0aa3-864a-49fe-9d8a-c53a3f6ce471,service_3317,cb8b6551-7cd3-4f4b-999d-6f5afefba9e9
55a175f5-d504-43c7-89d4-4e63b0ac1bae,service_3317,8a42161e-8d25-488e-a36a-1dd724af2198
399feebb-9afb-44ed-b20a-fec4e674bba8,service_3317,0ee3964e-627d-47c8-a4e1-c5133d66b6ae
17dd9bfa-d6ed-4ed6-8141-fe18514f8d50,service_3317,3d36f419-621d-44e1-b38f-240800e13ed1
